polled_at_utc,observed_local,temp_f,precip_in,cloud_pct,weather_code
2026-09-24 22:03:07,2026-09-24 18:00,65.7,0.0,100,3
2026-09-25 00:26:00,2026-09-24 20:15,59.5,0.0,100,3
2026-09-25 05:16:46,2026-09-25 01:15,55.5,0.0,99,3
2026-09-25 10:14:50,2026-09-25 06:00,53.6,0.0,100,3
2026-09-25 15:18:45,2026-09-25 11:15,66.7,0.0,100,3
2026-09-25 18:29:54,2026-09-25 14:15,71.6,0.0,100,3
2026-09-25 19:18:47,2026-09-25 15:15,72.2,0.0,100,3
2026-09-25 20:00:22,2026-09-25 16:00,72.3,0.0,100,3
2026-09-25 21:00:23,2026-09-25 17:00,70.6,0.0,100,3
2026-09-25 22:00:27,2026-09-25 18:00,67.7,0.0,100,3
2026-09-25 23:00:21,2026-09-25 19:00,65.4,0.0,100,3
2026-09-26 00:00:24,2026-09-25 20:00,65.8,0.0,100,3
2026-09-26 01:00:20,2026-09-25 21:00,65.2,0.0,100,3
2026-09-26 02:00:19,2026-09-25 22:00,64.5,0.0,100,3
2026-09-26 03:00:19,2026-09-25 23:00,64.9,0.0,100,3
2026-09-26 04:00:20,2026-09-26 00:00,59.1,0.0,100,3
2026-09-26 05:00:18,2026-09-26 01:00,59.3,0.0,100,3
2026-09-26 06:00:23,2026-09-26 02:00,58.6,0.0,100,3
2026-09-26 07:00:24,2026-09-26 03:00,58.5,0.0,100,3
2026-09-26 08:00:19,2026-09-26 04:00,57.4,0.024,100,61
2026-09-26 09:00:19,2026-09-26 05:00,57.4,0.035,100,63
2026-09-26 10:00:19,2026-09-26 06:00,57.5,0.016,100,61
2026-09-26 11:00:21,2026-09-26 07:00,57.9,0.004,100,51
2026-09-26 12:00:20,2026-09-26 08:00,57.5,0.0,100,3
2026-09-26 13:00:21,2026-09-26 09:00,58.0,0.0,100,3
2026-09-26 14:00:24,2026-09-26 10:00,58.5,0.028,100,63
2026-09-26 15:00:22,2026-09-26 11:00,58.3,0.0,100,3
2026-09-26 16:00:22,2026-09-26 12:00,58.0,0.028,100,63
2026-09-26 17:00:21,2026-09-26 13:00,58.7,0.0,100,3
2026-09-26 18:00:19,2026-09-26 14:00,59.4,0.0,100,3
2026-09-26 19:00:19,2026-09-26 15:00,58.8,0.012,100,55
2026-09-26 20:00:25,2026-09-26 16:00,59.5,0.0,100,3
2026-09-26 21:00:20,2026-09-26 17:00,58.6,0.004,100,51
2026-09-26 22:00:22,2026-09-26 18:00,59.1,0.0,100,3
2026-09-26 23:00:21,2026-09-26 19:00,58.2,0.0,100,3
2026-09-27 00:00:24,2026-09-26 20:00,57.2,0.02,100,61
2026-09-27 01:00:20,2026-09-26 21:00,56.7,0.055,100,63
2026-09-27 02:00:21,2026-09-26 22:00,56.7,0.02,100,61
2026-09-27 03:00:21,2026-09-26 23:00,57.6,0.008,100,53
2026-09-27 04:00:21,2026-09-27 00:00,58.3,0.008,100,53
2026-09-27 05:00:20,2026-09-27 01:00,58.5,0.012,100,55
2026-09-27 06:00:28,2026-09-27 02:00,58.2,0.055,100,63
2026-09-27 07:00:20,2026-09-27 03:00,58.2,0.055,100,63
2026-09-27 08:00:18,2026-09-27 04:00,58.3,0.035,100,63
2026-09-27 09:00:21,2026-09-27 05:00,58.2,0.039,100,63
2026-09-27 10:00:21,2026-09-27 06:00,58.6,0.0,100,3
2026-09-27 11:00:19,2026-09-27 07:00,58.7,0.0,100,3
2026-09-27 12:00:25,2026-09-27 08:00,58.2,0.0,100,3
2026-09-27 13:00:30,2026-09-27 09:00,59.7,0.0,100,3
2026-09-27 14:00:21,2026-09-27 10:00,59.1,0.0,100,3
2026-09-27 15:00:19,2026-09-27 11:00,60.0,0.0,100,3
2026-09-27 16:00:21,2026-09-27 12:00,61.7,0.0,100,3
2026-09-27 17:00:20,2026-09-27 13:00,62.3,0.0,100,3
2026-09-27 18:00:21,2026-09-27 14:00,62.3,0.02,100,61
2026-09-27 19:00:21,2026-09-27 15:00,60.4,0.008,100,53
2026-09-27 20:00:19,2026-09-27 16:00,61.1,0.012,100,55
2026-09-27 21:00:19,2026-09-27 17:00,60.9,0.004,100,51
2026-09-27 22:00:21,2026-09-27 18:00,60.6,0.008,100,53
2026-09-27 23:00:20,2026-09-27 19:00,59.8,0.012,100,55
2026-09-28 00:00:20,2026-09-27 20:00,59.6,0.0,100,3
2026-09-28 01:00:19,2026-09-27 21:00,60.4,0.004,100,51
2026-09-28 02:00:22,2026-09-27 22:00,59.9,0.0,100,3
2026-09-28 03:00:19,2026-09-27 23:00,60.0,0.004,100,51
2026-09-28 04:00:19,2026-09-28 00:00,59.8,0.008,100,53
2026-09-28 05:00:21,2026-09-28 01:00,59.2,0.0,100,3
2026-09-28 06:00:21,2026-09-28 02:00,59.1,0.008,100,53
2026-09-28 07:00:21,2026-09-28 03:00,59.0,0.004,100,51
2026-09-28 08:00:21,2026-09-28 04:00,58.9,0.008,100,53
2026-09-28 09:00:20,2026-09-28 05:00,58.7,0.024,100,61
2026-09-28 10:00:22,2026-09-28 06:00,58.3,0.02,100,61
2026-09-28 11:00:22,2026-09-28 07:00,58.1,0.016,100,61
2026-09-28 12:00:21,2026-09-28 08:00,57.9,0.0,100,3
2026-09-28 13:00:21,2026-09-28 09:00,58.2,0.0,100,3
2026-09-28 14:00:23,2026-09-28 10:00,58.1,0.0,100,3
2026-09-28 15:00:24,2026-09-28 11:00,58.4,0.0,100,3
2026-09-28 16:00:23,2026-09-28 12:00,59.1,0.0,100,3
2026-09-28 17:00:24,2026-09-28 13:00,59.4,0.0,100,3
2026-09-28 18:00:26,2026-09-28 14:00,59.9,0.0,100,3
2026-09-28 19:00:23,2026-09-28 15:00,61.6,0.0,100,3
2026-09-28 20:00:22,2026-09-28 16:00,60.3,0.0,100,3
2026-09-28 21:00:19,2026-09-28 17:00,62.1,0.0,85,3
2026-09-28 22:00:20,2026-09-28 18:00,60.9,0.0,100,3
2026-09-28 23:00:19,2026-09-28 19:00,59.6,0.0,100,3
2026-09-29 00:00:21,2026-09-28 20:00,58.2,0.0,22,1
2026-09-29 01:00:22,2026-09-28 21:00,58.1,0.0,43,1
2026-09-29 02:00:20,2026-09-28 22:00,57.4,0.0,56,2
2026-09-29 03:00:19,2026-09-28 23:00,57.5,0.0,41,1
2026-09-29 04:00:20,2026-09-29 00:00,58.2,0.0,70,2
2026-09-29 05:00:26,2026-09-29 01:00,59.1,0.0,94,3
2026-09-29 06:00:22,2026-09-29 02:00,57.3,0.0,50,2
2026-09-29 07:00:22,2026-09-29 03:00,56.4,0.0,10,0
2026-09-29 08:00:23,2026-09-29 04:00,56.4,0.0,10,0
2026-09-29 09:00:21,2026-09-29 05:00,56.5,0.0,2,0
2026-09-29 10:00:22,2026-09-29 06:00,56.5,0.0,2,0
2026-09-29 11:00:22,2026-09-29 07:00,56.7,0.0,0,0
2026-09-29 12:00:25,2026-09-29 08:00,58.8,0.0,8,0
2026-09-29 13:00:25,2026-09-29 09:00,63.0,0.0,60,2
2026-09-29 14:00:24,2026-09-29 10:00,64.2,0.0,100,3
2026-09-29 15:00:21,2026-09-29 11:00,64.8,0.0,100,3
2026-09-29 16:00:22,2026-09-29 12:00,66.5,0.0,76,2
2026-09-29 17:00:23,2026-09-29 13:00,67.5,0.0,100,3
2026-09-29 18:00:21,2026-09-29 14:00,68.1,0.0,100,3
2026-09-29 19:00:24,2026-09-29 15:00,67.2,0.0,100,3
2026-09-29 20:00:21,2026-09-29 16:00,68.6,0.0,89,3
2026-09-29 21:00:29,2026-09-29 17:00,67.0,0.0,100,3
2026-09-29 22:00:23,2026-09-29 18:00,65.6,0.0,100,3
2026-09-29 23:00:19,2026-09-29 19:00,62.9,0.0,17,0
2026-09-30 00:00:21,2026-09-29 20:00,63.6,0.0,100,3
2026-09-30 01:00:23,2026-09-29 21:00,60.9,0.0,3,0
2026-09-30 02:00:20,2026-09-29 22:00,63.9,0.0,100,3
2026-09-30 03:00:21,2026-09-29 23:00,62.6,0.0,73,2
2026-09-30 04:00:21,2026-09-30 00:00,62.7,0.0,88,3
2026-09-30 05:00:21,2026-09-30 01:00,60.7,0.0,34,1
2026-09-30 06:00:21,2026-09-30 02:00,60.5,0.0,14,0
2026-09-30 07:00:21,2026-09-30 03:00,60.3,0.0,43,1
2026-09-30 08:00:22,2026-09-30 04:00,60.6,0.0,100,3
2026-09-30 09:00:21,2026-09-30 05:00,62.0,0.0,100,3
2026-09-30 10:00:21,2026-09-30 06:00,61.3,0.0,91,3
2026-09-30 11:00:28,2026-09-30 07:00,61.3,0.0,100,3
