polled_at_utc,ok,error,showtimes_seen,snapshots_written
2026-09-24 22:03:07,1,,168,168
2026-09-25 00:26:00,1,,168,2
2026-09-25 05:16:46,1,,155,2
2026-09-25 10:14:50,1,,155,1
2026-09-25 15:18:45,1,,155,3
2026-09-25 18:29:54,1,,155,5
2026-09-25 19:18:47,1,,155,2
2026-09-25 19:30:18,1,,155,2
2026-09-25 19:45:15,1,,155,4
2026-09-25 20:00:22,1,,155,2
2026-09-25 20:15:18,1,,155,2
2026-09-25 20:30:17,1,,155,3
2026-09-25 20:45:14,1,,155,1
2026-09-25 21:00:23,1,,155,1
2026-09-25 21:15:15,1,,155,1
2026-09-25 21:30:18,1,,155,2
2026-09-25 21:45:14,1,,155,3
2026-09-25 22:00:27,1,,155,2
2026-09-25 22:15:16,1,,155,0
2026-09-25 22:28:36,1,,155,1
2026-09-25 22:30:17,1,,155,0
2026-09-25 22:45:13,1,,155,3
2026-09-25 23:00:21,1,,155,2
2026-09-25 23:15:15,1,,155,3
2026-09-25 23:30:16,1,,155,1
2026-09-25 23:45:14,1,,155,2
2026-09-26 00:00:24,1,,155,1
2026-09-26 00:15:16,1,,155,2
2026-09-26 00:30:18,1,,155,0
2026-09-26 00:45:13,1,,155,1
2026-09-26 00:49:27,1,,155,0
2026-09-26 01:00:20,1,,155,2
2026-09-26 01:15:17,1,,155,0
2026-09-26 01:30:18,1,,155,3
2026-09-26 01:45:14,1,,155,2
2026-09-26 02:00:19,1,,155,2
2026-09-26 02:15:15,1,,155,2
2026-09-26 02:30:19,1,,155,0
2026-09-26 02:45:18,1,,155,4
2026-09-26 03:00:19,1,,155,2
2026-09-26 03:15:14,1,,155,0
2026-09-26 03:30:18,1,,155,0
2026-09-26 03:45:17,1,,155,0
2026-09-26 04:00:20,1,,137,0
2026-09-26 04:15:16,1,,137,0
2026-09-26 04:30:18,1,,137,0
2026-09-26 04:45:15,1,,137,0
2026-09-26 05:00:18,1,,137,0
2026-09-26 05:15:15,1,,137,1
2026-09-26 05:30:19,1,,137,1
2026-09-26 05:35:13,1,,137,0
2026-09-26 05:45:13,1,,137,0
2026-09-26 06:00:23,1,,137,0
2026-09-26 06:15:15,1,,137,1
2026-09-26 06:30:17,1,,137,0
2026-09-26 06:45:14,1,,137,1
2026-09-26 07:00:24,1,,137,0
2026-09-26 07:15:14,1,,137,0
2026-09-26 07:30:21,1,,137,0
2026-09-26 07:45:16,1,,137,0
2026-09-26 08:00:19,1,,137,0
2026-09-26 08:15:15,1,,137,0
2026-09-26 08:30:17,1,,137,0
2026-09-26 08:45:18,1,,137,0
2026-09-26 09:00:19,1,,137,0
2026-09-26 09:15:15,1,,137,0
2026-09-26 09:30:17,1,,137,0
2026-09-26 09:45:16,1,,137,0
2026-09-26 10:00:19,1,,137,0
2026-09-26 10:11:27,1,,137,0
2026-09-26 10:15:14,1,,137,0
2026-09-26 10:30:17,1,,137,1
2026-09-26 10:45:13,1,,137,0
2026-09-26 11:00:21,1,,137,0
2026-09-26 11:15:14,1,,137,0
2026-09-26 11:30:18,1,,137,0
2026-09-26 11:45:15,1,,137,0
2026-09-26 12:00:20,1,,137,0
2026-09-26 12:15:15,1,,137,0
2026-09-26 12:30:18,1,,137,1
2026-09-26 12:45:15,1,,137,0
2026-09-26 13:00:21,1,,137,2
2026-09-26 13:15:14,1,,137,0
2026-09-26 13:30:18,1,,137,3
2026-09-26 13:45:16,1,,137,0
2026-09-26 14:00:24,1,,137,5
2026-09-26 14:15:17,1,,137,5
2026-09-26 14:30:18,1,,137,0
2026-09-26 14:32:27,1,,137,0
2026-09-26 14:45:16,1,,137,6
2026-09-26 15:00:22,1,,137,4
2026-09-26 15:15:18,1,,137,6
2026-09-26 15:30:18,1,,137,2
2026-09-26 15:45:17,1,,137,6
2026-09-26 16:00:22,1,,137,7
2026-09-26 16:15:15,1,,137,6
2026-09-26 16:30:18,1,,137,5
2026-09-26 16:45:13,1,,137,2
2026-09-26 17:00:21,1,,137,5
2026-09-26 17:15:21,1,,137,0
2026-09-26 17:30:20,1,,137,5
2026-09-26 17:45:17,1,,137,3
2026-09-26 17:56:57,1,,137,3
2026-09-26 18:00:19,1,,137,0
2026-09-26 18:15:16,1,,137,1
2026-09-26 18:30:20,1,,137,2
2026-09-26 18:45:15,1,,137,3
2026-09-26 19:00:19,1,,137,1
2026-09-26 19:15:17,1,,137,1
2026-09-26 19:30:18,1,,137,4
2026-09-26 19:45:15,1,,137,5
2026-09-26 20:00:25,1,,137,2
2026-09-26 20:15:16,1,,137,4
2026-09-26 20:30:18,1,,137,0
2026-09-26 20:45:16,1,,137,8
2026-09-26 21:00:20,1,,137,3
2026-09-26 21:00:34,1,,137,0
2026-09-26 21:15:16,1,,137,1
2026-09-26 21:30:52,1,,137,3
2026-09-26 21:45:14,1,,137,3
2026-09-26 22:00:22,1,,137,3
2026-09-26 22:15:14,1,,137,0
2026-09-26 22:30:17,1,,137,3
2026-09-26 22:45:16,1,,137,0
2026-09-26 23:00:21,1,,137,2
2026-09-26 23:15:14,1,,137,3
2026-09-26 23:29:46,1,,137,3
2026-09-26 23:30:18,1,,137,0
2026-09-26 23:45:15,1,,137,0
2026-09-27 00:00:24,1,,137,1
2026-09-27 00:15:21,1,,137,1
2026-09-27 00:30:17,1,,137,1
2026-09-27 00:45:13,1,,137,1
2026-09-27 01:00:20,1,,137,1
2026-09-27 01:15:14,1,,137,1
2026-09-27 01:30:18,1,,137,0
2026-09-27 01:42:05,1,,137,2
2026-09-27 01:45:16,1,,137,0
2026-09-27 02:00:21,1,,137,5
2026-09-27 02:15:19,1,,137,2
2026-09-27 02:30:19,1,,137,0
2026-09-27 02:45:15,1,,137,1
2026-09-27 03:00:21,1,,137,2
2026-09-27 03:15:15,1,,137,1
2026-09-27 03:30:16,1,,137,0
2026-09-27 03:45:14,1,,137,0
2026-09-27 04:00:21,1,,114,0
2026-09-27 04:15:16,1,,114,0
2026-09-27 04:30:19,1,,114,0
2026-09-27 04:45:14,1,,114,1
2026-09-27 05:00:20,1,,114,1
2026-09-27 05:15:17,1,,114,0
2026-09-27 05:30:18,1,,114,0
2026-09-27 05:45:49,1,,114,0
2026-09-27 06:00:28,1,,114,0
2026-09-27 06:15:17,1,,114,0
2026-09-27 06:30:17,1,,114,0
2026-09-27 06:45:14,1,,114,0
2026-09-27 07:00:20,1,,114,0
2026-09-27 07:08:32,1,,114,0
2026-09-27 07:15:20,1,,114,0
2026-09-27 07:30:18,1,,114,0
2026-09-27 07:45:15,1,,114,0
2026-09-27 08:00:18,1,,114,0
2026-09-27 08:15:17,1,,114,0
2026-09-27 08:30:17,1,,114,0
2026-09-27 08:45:14,1,,114,0
2026-09-27 09:00:21,1,,114,0
2026-09-27 09:15:17,1,,114,0
2026-09-27 09:30:21,1,,114,0
2026-09-27 09:45:15,1,,114,0
2026-09-27 10:00:21,1,,114,0
2026-09-27 10:15:15,1,,114,0
2026-09-27 10:30:17,1,,114,0
2026-09-27 10:45:18,1,,114,0
2026-09-27 11:00:19,1,,114,0
2026-09-27 11:15:13,1,,114,0
2026-09-27 11:30:19,1,,114,0
2026-09-27 11:45:15,1,,114,0
2026-09-27 12:00:25,1,,114,0
2026-09-27 12:15:21,1,,114,1
2026-09-27 12:30:17,1,,114,0
2026-09-27 12:45:18,1,,114,0
2026-09-27 13:00:30,1,,114,1
2026-09-27 13:06:33,1,,114,0
2026-09-27 13:15:14,1,,114,0
2026-09-27 13:30:17,1,,114,2
2026-09-27 13:45:15,1,,114,2
2026-09-27 14:00:21,1,,114,0
2026-09-27 14:15:15,1,,114,1
2026-09-27 14:30:17,1,,114,2
2026-09-27 14:45:15,1,,114,5
2026-09-27 15:00:19,1,,114,5
2026-09-27 15:15:16,1,,114,2
2026-09-27 15:30:19,1,,114,4
2026-09-27 15:45:15,1,,114,2
2026-09-27 16:00:21,1,,114,1
2026-09-27 16:15:16,1,,114,2
2026-09-27 16:30:16,1,,114,1
2026-09-27 16:45:15,1,,114,2
2026-09-27 17:00:20,1,,114,0
2026-09-27 17:15:15,1,,114,3
2026-09-27 17:30:17,1,,114,3
2026-09-27 17:41:55,1,,114,3
2026-09-27 17:45:14,1,,114,0
2026-09-27 18:00:21,1,,114,5
2026-09-27 18:15:15,1,,114,1
2026-09-27 18:30:21,1,,114,3
2026-09-27 18:45:15,1,,114,0
2026-09-27 19:00:21,1,,114,0
2026-09-27 19:15:14,1,,114,1
2026-09-27 19:30:17,1,,114,1
2026-09-27 19:45:13,1,,114,1
2026-09-27 20:00:19,1,,114,1
2026-09-27 20:15:15,1,,114,2
2026-09-27 20:26:43,1,,114,0
2026-09-27 20:30:19,1,,114,0
2026-09-27 20:45:14,1,,114,0
2026-09-27 21:00:19,1,,114,0
2026-09-27 21:15:14,1,,114,1
2026-09-27 21:30:22,1,,114,2
2026-09-27 21:45:14,1,,114,0
2026-09-27 22:00:21,1,,114,1
2026-09-27 22:15:16,1,,114,0
2026-09-27 22:30:17,1,,114,2
2026-09-27 22:45:16,1,,114,1
2026-09-27 23:00:20,1,,114,1
2026-09-27 23:15:15,1,,114,0
2026-09-27 23:20:34,1,,114,0
2026-09-27 23:30:16,1,,114,0
2026-09-27 23:45:16,1,,114,1
2026-09-28 00:00:20,1,,114,1
2026-09-28 00:15:50,1,,114,0
2026-09-28 00:30:18,1,,114,0
2026-09-28 00:45:18,1,,114,0
2026-09-28 01:00:19,1,,114,0
2026-09-28 01:15:14,1,,114,0
2026-09-28 01:30:18,1,,114,0
2026-09-28 01:45:15,1,,114,1
2026-09-28 01:45:34,1,,114,0
2026-09-28 02:00:22,1,,114,0
2026-09-28 02:15:17,1,,114,0
2026-09-28 02:30:16,1,,114,0
2026-09-28 02:45:14,1,,114,0
2026-09-28 03:00:19,1,,114,0
2026-09-28 03:15:19,1,,114,0
2026-09-28 03:30:19,1,,114,0
2026-09-28 03:46:24,1,,114,0
2026-09-28 04:00:19,1,,96,0
2026-09-28 04:15:13,1,,96,0
2026-09-28 04:30:18,1,,96,0
2026-09-28 04:45:17,1,,96,1
2026-09-28 05:00:21,1,,96,1
2026-09-28 05:15:16,1,,96,0
2026-09-28 05:30:20,1,,96,0
2026-09-28 05:45:15,1,,96,0
2026-09-28 06:00:21,1,,96,0
2026-09-28 06:15:18,1,,96,0
2026-09-28 06:30:17,1,,96,0
2026-09-28 06:45:14,1,,96,0
2026-09-28 07:00:21,1,,96,0
2026-09-28 07:15:17,1,,96,0
2026-09-28 07:30:17,1,,96,0
2026-09-28 07:42:21,1,,96,0
2026-09-28 07:45:15,1,,96,0
2026-09-28 08:00:21,1,,96,0
2026-09-28 08:15:17,1,,96,0
2026-09-28 08:30:18,1,,96,0
2026-09-28 08:45:17,1,,96,0
2026-09-28 09:00:20,1,,96,0
2026-09-28 09:15:16,1,,96,0
2026-09-28 09:30:17,1,,96,0
2026-09-28 09:45:14,1,,96,1
2026-09-28 10:00:22,1,,96,1
2026-09-28 10:15:21,1,,96,0
2026-09-28 10:30:19,1,,96,0
2026-09-28 10:45:24,1,,96,0
2026-09-28 11:00:22,1,,96,0
2026-09-28 11:15:29,1,,96,0
2026-09-28 11:30:20,1,,96,0
2026-09-28 11:45:14,1,,96,0
2026-09-28 12:00:21,1,,96,0
2026-09-28 12:15:18,1,,96,0
2026-09-28 12:31:00,1,,96,1
2026-09-28 12:45:20,1,,96,1
2026-09-28 13:00:21,1,,96,1
2026-09-28 13:15:18,1,,96,1
2026-09-28 13:30:19,1,,96,0
2026-09-28 13:45:16,1,,96,0
2026-09-28 14:00:23,1,,96,0
2026-09-28 14:15:19,1,,96,0
2026-09-28 14:30:22,1,,96,0
2026-09-28 14:45:18,1,,96,0
2026-09-28 15:00:24,1,,96,0
2026-09-28 15:15:17,1,,96,0
2026-09-28 15:30:22,1,,96,0
2026-09-28 15:45:15,1,,96,0
2026-09-28 16:00:23,1,,96,0
2026-09-28 16:02:09,1,,96,0
2026-09-28 16:15:17,1,,96,0
2026-09-28 16:30:25,1,,96,0
2026-09-28 16:45:23,1,,96,0
2026-09-28 17:00:24,1,,96,0
2026-09-28 17:15:41,1,,96,2
2026-09-28 17:30:18,1,,96,2
2026-09-28 17:45:18,1,,96,2
2026-09-28 18:00:26,1,,96,2
2026-09-28 18:15:16,1,,96,1
2026-09-28 18:30:23,1,,96,0
2026-09-28 18:45:17,1,,96,0
2026-09-28 19:00:23,1,,96,0
2026-09-28 19:15:19,1,,96,1
2026-09-28 19:30:21,1,,96,1
2026-09-28 19:45:16,1,,96,0
2026-09-28 20:00:22,1,,96,3
2026-09-28 20:15:16,1,,96,0
2026-09-28 20:30:17,1,,96,2
2026-09-28 20:45:18,1,,96,1
2026-09-28 21:00:19,1,,96,0
2026-09-28 21:15:16,1,,96,0
2026-09-28 21:30:20,1,,96,2
2026-09-28 21:45:14,1,,96,2
2026-09-28 21:48:44,1,,96,0
2026-09-28 22:00:20,1,,96,1
2026-09-28 22:15:16,1,,96,1
2026-09-28 22:30:21,1,,96,1
2026-09-28 22:45:15,1,,96,1
2026-09-28 23:00:19,1,,96,1
2026-09-28 23:15:15,1,,96,1
2026-09-28 23:30:17,1,,96,1
2026-09-28 23:45:14,1,,96,0
2026-09-29 00:00:21,1,,96,2
2026-09-29 00:15:16,1,,96,1
2026-09-29 00:30:17,1,,96,0
2026-09-29 00:45:16,1,,96,0
2026-09-29 01:00:22,1,,96,0
2026-09-29 01:15:16,1,,96,1
2026-09-29 01:17:58,1,,96,0
2026-09-29 01:30:19,1,,96,1
2026-09-29 01:45:15,1,,96,0
2026-09-29 02:00:20,1,,96,0
2026-09-29 02:15:14,1,,96,0
2026-09-29 02:30:19,1,,96,0
2026-09-29 02:45:15,1,,96,0
2026-09-29 03:00:19,1,,96,0
2026-09-29 03:15:15,1,,96,0
2026-09-29 03:30:16,1,,96,0
2026-09-29 03:45:17,1,,96,0
2026-09-29 04:00:20,1,,82,0
2026-09-29 04:15:14,1,,82,0
2026-09-29 04:30:18,1,,82,0
2026-09-29 04:45:14,1,,82,0
2026-09-29 05:00:26,1,,82,0
2026-09-29 05:15:16,1,,82,0
2026-09-29 05:30:17,1,,82,0
2026-09-29 05:45:14,1,,82,0
2026-09-29 06:00:22,1,,82,0
2026-09-29 06:15:53,1,,82,0
2026-09-29 06:30:18,1,,82,0
2026-09-29 06:45:17,1,,82,0
2026-09-29 06:59:40,1,,82,0
2026-09-29 07:00:22,1,,82,0
2026-09-29 07:15:18,1,,82,0
2026-09-29 07:30:19,1,,82,0
2026-09-29 07:45:14,1,,82,0
2026-09-29 08:00:23,1,,82,0
2026-09-29 08:15:14,1,,82,0
2026-09-29 08:30:16,1,,82,0
2026-09-29 08:45:17,1,,82,0
2026-09-29 09:00:21,1,,82,0
2026-09-29 09:15:18,1,,82,0
2026-09-29 09:30:20,1,,82,0
2026-09-29 09:45:15,1,,82,0
2026-09-29 10:00:22,1,,82,0
2026-09-29 10:15:16,1,,82,0
2026-09-29 10:30:19,1,,82,0
2026-09-29 10:45:15,1,,82,0
2026-09-29 11:00:22,1,,82,0
2026-09-29 11:15:18,1,,82,0
2026-09-29 11:30:16,1,,82,0
2026-09-29 11:45:14,1,,82,0
2026-09-29 12:00:25,1,,82,0
2026-09-29 12:15:17,1,,82,0
2026-09-29 12:30:19,1,,82,1
2026-09-29 12:45:15,1,,82,1
2026-09-29 13:00:25,1,,82,1
2026-09-29 13:15:18,1,,82,0
2026-09-29 13:30:21,1,,82,0
2026-09-29 13:45:17,1,,82,0
2026-09-29 13:57:54,1,,82,0
2026-09-29 14:00:24,1,,82,0
2026-09-29 14:15:16,1,,82,0
2026-09-29 14:30:20,1,,82,0
2026-09-29 14:45:16,1,,82,1
2026-09-29 15:00:21,1,,82,2
2026-09-29 15:15:19,1,,82,1
2026-09-29 15:30:22,1,,82,1
2026-09-29 15:45:17,1,,82,0
2026-09-29 16:00:22,1,,82,1
2026-09-29 16:15:15,1,,82,1
2026-09-29 16:30:20,1,,82,1
2026-09-29 16:45:15,1,,82,1
2026-09-29 17:00:23,1,,82,1
2026-09-29 17:15:15,1,,82,1
2026-09-29 17:30:21,1,,82,0
2026-09-29 17:45:15,1,,82,1
2026-09-29 18:00:21,1,,82,0
2026-09-29 18:15:21,1,,82,0
2026-09-29 18:30:17,1,,82,0
2026-09-29 18:45:16,1,,82,1
2026-09-29 19:00:24,1,,82,1
2026-09-29 19:15:15,1,,82,0
2026-09-29 19:16:26,1,,82,0
2026-09-29 19:30:20,1,,82,1
2026-09-29 19:45:55,1,,82,0
2026-09-29 20:00:21,1,,82,1
2026-09-29 20:15:17,1,,82,0
2026-09-29 20:30:23,1,,82,0
2026-09-29 20:45:16,1,,82,0
2026-09-29 21:00:29,1,,82,2
2026-09-29 21:15:15,1,,82,1
2026-09-29 21:30:17,1,,82,0
2026-09-29 21:45:14,1,,82,0
2026-09-29 22:00:23,1,,82,0
2026-09-29 22:15:16,1,,82,1
2026-09-29 22:30:17,1,,82,0
2026-09-29 22:45:15,1,,82,1
2026-09-29 22:59:57,1,,82,1
2026-09-29 23:00:19,1,,82,0
2026-09-29 23:15:15,1,,82,0
2026-09-29 23:30:17,1,,84,2
2026-09-29 23:45:14,1,,84,3
2026-09-30 00:00:21,1,,177,98
2026-09-30 00:15:16,1,,177,0
2026-09-30 00:30:17,1,,177,0
2026-09-30 00:45:15,1,,177,0
2026-09-30 01:00:23,1,,177,0
2026-09-30 01:15:15,1,,177,1
2026-09-30 01:30:17,1,,177,2
2026-09-30 01:45:14,1,,177,25
2026-09-30 01:59:24,1,,177,36
2026-09-30 02:00:20,1,,177,0
2026-09-30 02:15:16,1,,177,28
2026-09-30 02:30:17,1,,177,32
2026-09-30 02:45:15,1,,177,16
2026-09-30 03:00:21,1,,177,0
2026-09-30 03:15:50,1,,177,0
2026-09-30 03:30:17,1,,177,0
2026-09-30 03:45:21,1,,177,0
2026-09-30 04:00:21,1,,163,0
2026-09-30 04:15:15,1,,163,0
2026-09-30 04:30:17,1,,163,0
2026-09-30 04:45:15,1,,163,0
2026-09-30 05:00:21,1,,163,0
2026-09-30 05:15:26,1,,163,0
2026-09-30 05:30:16,1,,163,0
2026-09-30 05:45:16,1,,163,0
2026-09-30 06:00:21,1,,163,0
2026-09-30 06:15:18,1,,163,0
2026-09-30 06:30:21,1,,163,0
2026-09-30 06:45:18,1,,163,0
2026-09-30 07:00:21,1,,163,1
2026-09-30 07:15:21,1,,163,1
2026-09-30 07:30:18,1,,163,0
2026-09-30 07:45:17,1,,163,0
2026-09-30 08:00:22,1,,163,0
2026-09-30 08:15:17,1,,163,0
2026-09-30 08:19:17,1,,163,0
2026-09-30 08:30:19,1,,163,0
2026-09-30 08:45:16,1,,163,0
2026-09-30 09:00:21,1,,163,0
2026-09-30 09:15:35,1,,163,0
2026-09-30 09:30:18,1,,163,0
2026-09-30 09:45:16,1,,163,0
2026-09-30 10:00:21,1,,163,0
2026-09-30 10:15:17,1,,163,0
2026-09-30 10:30:18,1,,163,0
2026-09-30 10:45:14,1,,163,1
2026-09-30 11:00:28,1,,163,0
2026-09-30 11:15:16,1,,163,0
2026-09-30 11:30:19,1,,163,0
2026-09-30 11:45:17,1,,163,2
2026-09-30 12:00:21,1,,163,1
2026-09-30 12:15:17,1,,163,0
2026-09-30 12:30:19,1,,163,0
2026-09-30 12:45:22,1,,163,0
2026-09-30 13:01:00,1,,163,0
2026-09-30 13:15:18,1,,163,1
2026-09-30 13:30:21,1,,163,1
2026-09-30 13:45:17,1,,163,1
2026-09-30 14:00:22,1,,163,0
2026-09-30 14:15:18,1,,163,0
2026-09-30 14:30:22,1,,163,0
2026-09-30 14:45:16,1,,163,1
2026-09-30 14:58:54,1,,163,1
2026-09-30 15:00:26,1,,163,0
2026-09-30 15:15:26,1,,163,0
2026-09-30 15:30:20,1,,163,0
2026-09-30 15:45:17,1,,163,1
2026-09-30 16:00:23,1,,163,1
